RMSSD,HR,label,user
5.529742166,50.97523836,low,no
13.64395931,76.38515986,low,no
24.55139355,109.6097944,low,no
8.278081033,51.36312645,moderate,no
15.83754386,74.39719916,moderate,no
26.62947663,113.7523085,moderate,no
7.88021249,48.73724302,High,no
15.06975291,67.1799973,High,no
22.92047814,107.3220363,High,no